replica,cpu,heap,previous_tps,instant_tps,inc_tps,out_tps,cpu_usage,memory_usage,reward,sum_reward,response_time,num_request,num_failures,expected_tps
1,8,4,0.0,8.53,174,212,0.773,0.569,1.0464168,1.0464168,56.77,8.53,0,9
6,6,4,8.53,8.27,17,21,0.241,0.612,0.9376667333333333,1.9840835333333333,61.1,8.27,0,9
1,8,4,8.27,9.19,87,99,0.708,0.629,1.1041666,3.088250133333333,33.33,9.19,0,9
1,9,4,9.19,9.16,96,111,0.737,0.648,1.0984445777777778,4.186694711111111,30.08,9.16,0,9
1,7,4,9.16,8.97,53,63,0.655,0.618,1.0941430571428572,5.280837768253968,47.4,8.97,0,9
