replica,cpu,heap,previous_tps,instant_tps,inc_tps,out_tps,cpu_usage,memory_usage,reward,sum_reward,response_time,num_request,num_failures,expected_tps
3,5,7,0.0,39.8,11,16,0.083,0.583,0.6773714285714286,0.6773714285714286,17.94,39.8,0,50
2,6,9,39.8,46.3,100,123,0.48,0.579,0.8445066666666667,1.5218780952380953,10.6,46.32,0,50
6,7,8,46.3,48.8,61,77,0.344,0.589,0.8311357142857143,2.3530138095238096,10.41,48.8,0,50
