action,replica,cpu,heap,inc_tps,out_tps,cpu_usage,memory_usage,cost,reward,sum_reward,response_time,num_request,num_failures,expected_tps
DECREASE_CPU,4,6,6,9,13,0.25,0.48,0.04,0.9968333324392638,0.9968333324392638,68.67933169230751,26,0,25
DECREASE_REPLICA,3,6,6,11,16,0.27,0.51,0.03,0.9650000000993411,1.9618333325386048,82.06280831999948,25,0,25
DECREASE_HEAP,3,6,5,16,22,0.26,0.51,0.03,0.9726666649182638,2.934499997456869,68.07799004000344,25,0,25
