action,replica,cpu,heap,inc_tps,out_tps,cpu_usage,memory_usage,cost,reward,sum_reward,response_time,num_request,num_failures,expected_tps
DECREASE_REPLICA,8,9,8,61,75,0.03,0.71,0.03,0.9448416652883093,0.9448416652883093,7.58128204707489,2996,0,3000
DECREASE_HEAP,8,9,7,52,66,0.27,0.6,0.09,0.8816571451561791,1.8264988104444884,13.146898429433817,2746,0,3000
