action,replica,cpu,heap,inc_tps,out_tps,cpu_usage,memory_usage,cost,reward,sum_reward,response_time,num_request,num_failures,expected_tps
DO_NOTHING,5,8,9,7,9,0.052,0.627,0.0215,0.9332233333333334,0.9332233333333334,12.34,49.73,0,50
DECREASE_HEAP,5,8,8,60,75,0.496,0.554,0.09013,0.9722850000000001,1.9055083333333336,12.34,50.37,0,50
DECREASE_REPLICA,4,8,8,96,119,0.45,0.567,0.06651,0.9909224999999999,2.8964308333333335,9.8,51.52,0,50
